previous_discussion	الردود السابقة
reply_above_line	## يُرجى كتابة ردك فوق هذا الخط. ##
previous_discussion	папярэднія адказы
previous_discussion	Предишни Отговори
previous_discussion	Prošli Postovi
previous_discussion	Respostes anteriors
previous_discussion	Předchozí diskuze
reply_above_line	## Napište prosím svoji odpověď nad tento řádek. ##
previous_discussion	Tidligere Svar
previous_discussion	Vorherige Antworten
reply_above_line	## Bitte gib deine Antwort oberhalb dieser Zeile ein. ##
previous_discussion	Προηγούμενες Απαντήσεις
reply_above_line	## Παρακαλούμε πληκτρολογήστε την απάντησή σας πάνω από αυτήν τη γραμμή. ##
previous_discussion	Previous Replies
reply_above_line	## Please type your reply above this line. ##
previous_discussion	Respuestas anteriores
reply_above_line	## Escribe tu respuesta sobre esta línea. ##
previous_discussion	Varasemad vastused
previous_discussion	پاسخ‌های قبلی
previous_discussion	Edelliset vastaukset
reply_above_line	## Kirjoita vastauksesi tämän viivan yläpuolelle. ##
previous_discussion	Réponses précédentes
reply_above_line	## Veuillez saisir votre réponse au-dessus de cette ligne. ##
previous_discussion	Respostas anteriores
previous_discussion	תגובות קודמות
reply_above_line	## נא להקליד את התגובה שלך מעל לשורה הזאת. ##
previous_discussion	Prethodni odgovori
reply_above_line	## Molimo upišite svoj odgovor iznad ovog retka. ##
previous_discussion	Régebbi válaszok
reply_above_line	## Kérjük, írja be válaszát e sor fölé. ##
previous_discussion	Նախորդ Պատասխանները
previous_discussion	Balasan Sebelumnya
previous_discussion	Risposte Precedenti
reply_above_line	## Inserisci la tua risposta al di sopra di questa riga. ##
previous_discussion	以前の返信
reply_above_line	## このラインより上に返信を入力してください。 ##
previous_discussion	이전 답장
reply_above_line	## 이 줄 위에 답장을 입력하세요. ##
previous_discussion	Ankstesni atsakymai
previous_discussion	Tidligere svar
previous_discussion	Eerdere antwoorden
reply_above_line	## Typ je antwoord boven deze regel. ##
previous_discussion	Poprzednie odpowiedzi
reply_above_line	## Wpisz swoją odpowiedź powyżej tej linii. ##
previous_discussion	Respostas Anteriores
previous_discussion	Respostas anteriores
reply_above_line	## Responda acima desta linha. ##
previous_discussion	Răspunsurile precedente
previous_discussion	Предыдущие ответы
reply_above_line	## Наберите ответ над этой линией. ##
previous_discussion	Prechádzajúce odpovede
reply_above_line	## Napíšte svoju odpoveď nad tento riadok. ##
previous_discussion	Prejšnji odgovori
previous_discussion	Përgjigjet e mëparshme
previous_discussion	Föregående svar
reply_above_line	## Vi ber dig skriva ditt svar ovanför denna rad. ##
previous_discussion	Majibu Yaliyopita
previous_discussion	గత జవాబులు
previous_discussion	Önceki Yanıtlar
reply_above_line	## Lütfen yanıtınızı bu satırın üzerine yazın. ##
previous_discussion	ئالدىنقى جاۋاب
reply_above_line	## جاۋابىڭىزنى بۇ قۇرنىڭ ئۈستىگە يېزىڭ. ##
previous_discussion	Попередні відповіді
reply_above_line	## Будь ласка, введіть Вашу відповідь вище цієї лінії. ##
previous_discussion	پچھلے جوابات
reply_above_line	## براہ کرم اپنا جواب اس لائن کے اوپر لکھیں۔ ##
previous_discussion	Các trả lời trước
previous_discussion	以前的回复
reply_above_line	## 请在此行上方输入您的回复。##
previous_discussion	以前的回復
reply_above_line	## 請在此行上方輸入您的回覆。##
